{"Isaac Sim Data": [{"current_time": 0.01666666753590107, "current_time_step": 2, "data": {"tekken_view": {"states": [[0.42572885751724243, -0.704707682132721, -0.45302554965019226, 2.3658580780029297, 2.7557692527770996, 0.11452917754650116, 1.56891930103302, -3.562151687219739e-05, -2.3029118892736733e-05, -1.3753672646998893e-05, -2.0865891201538034e-06, -3.7976585076648917e-07, 0.0718822330236435, 0.0041992818005383015, 0.0041839247569441795, 0.004189583472907543, 0.004154864698648453, 0.004234842490404844, 0.00419439235702157, 0.00422811321914196, 0.004211733117699623, 0.0042150989174842834, 0.004261756781488657, 0.0018005099846050143, 0.0018811289919540286, 0.001849357271566987, 0.00162495207041502, 0.3896177411079407, -0.04102732241153717, 0.5231881737709045, -0.989391565322876, -0.055558741092681885, -0.12210151553153992, 0.055757880210876465, 0.7101929187774658, -0.09170351922512054, 0.5194716453552246, 0.7071068286895752, 0.0, -1.5074874681886286e-10, 0.7071068286895752, -0.141251802444458, -0.08277072757482529, 0.10317898541688919, 0.1771908700466156, 0.13209810853004456, -0.11879278719425201, -0.028411177918314934, 0.0007545193657279015, 0.004077156074345112, 0.00316641665995121, 0.004718389827758074, -0.008274565450847149, 0.12444782257080078, 0.716474175453186, 0.8439005613327026, 0.7833682894706726, 0.8758378624916077, -0.93766188621521, -0.537954568862915, -1.1266928911209106, -0.8446351289749146, -1.3331761360168457, 0.5771071314811707, 0.5488986372947693, 0.5900006890296936, 0.5691112279891968, 0.6014772057533264]], "actions": [[-1.0, -1.0, 1.0, 1.0, 1.0, -1.0, -0.22125819325447083, -1.0]], "rewards": [-1.4581170082092285], "terminated": [0], "applied_joint_actions": [[0.40591731667518616, -0.7248989939689636, -0.43273407220840454, 2.3850765228271484, 2.7754621505737305, 0.0948738381266594, 1.5645519495010376, 0.0, 0.0, 0.0, 0.0, 0.0, 0.05266033113002777, 0.05266033113002777, 0.05266033113002777, 0.05266033113002777, 0.05266033113002777, 0.05266033113002777, 0.05266033113002777, 0.05266033113002777, 0.05266033113002777, 0.05266033113002777, 0.0, 0.0, 0.0, 0.0, 0.0]]}}}]}